Column Name,Data Type , Description ,Example 
waterbody,String,Waterbody in which the station for this deployment is located,St. Margarets Bay
station,String,Name of the location for this deployment. Deployments at the same station must be within 500 m of defined station coordinates.,Shut-In Island
lease,String,Aquaculture lease number associated with the station (where applicable),1008
latitude,Decimal Number,Latitude of the deployment (decimal degrees),44.55452
longitude,Decimal Number,Longitude of the deployment (decimal degrees),-63.95672
deployment_range,String,"String describing the instrument deployment and retrieval dates. The format is ""YYYY-MMM-DD to YYYY-MMM-DD""",2018-Feb-20 to 2018-Apr-25
string_configuration,String,Configuration in which the sensors were deployed.,sub-surface buoy
sensor_type,String,Model of the sensor that recorded the measurement,aquameasure
sensor_serial_number,Integer,Unique identifying number for the sensor that recorded the measurement,670352
timestamp_utc,Date & Time,"Timestamp at which a measurement was made, in UTC. The formatting is ""YYYY-MM-DD HH:MM:SS""",2018-02-20 19:41
sensor_depth_at_low_tide_m,Decimal Number,"Estimated depth of the sensor at low tide, in metres, based on its position in the sensor string configuration",2
depth_crosscheck_flag,String,Quality control flag comparing estimated and measured sensor depth at low tide. ,Pass
dissolved_oxygen_percent_saturation,Decimal Number,"Dissolved oxygen measurement, in units of percent saturation",108
dissolved_oxygen_uncorrected_mg_per_l,Decimal Number,"Dissolved oxygen measurement, in units of mg/L, without applying a salinity correction factor",2.53
salinity_psu,Decimal Number,"Salinity measurement, in practical salinity units",29.2
sensor_depth_measured_m,Decimal Number,"Depth of the sensor, as measured by the sensor in metres",2.2
temperature_degree_c,Decimal Number,"Temperature measurement, in degrees Celsius",3.4
qc_flag_dissolved_oxygen_percent_saturation,String,Quality control flag for dissolved oxygen (percent saturation). ,Suspect/Of Interest
qc_flag_dissolved_oxygen_uncorrected_mg_per_l,String,Quality control flag for dissolved oxygen (mg/L).,Fail
qc_flag_salinity_psu,String,Quality control flag for salinity. ,Pass
qc_flag_sensor_depth_measured_m,String,Quality control flag for measured sensor depth. ,Pass
qc_flag_temperature_degree_c,String,Quality control flag for temperature.,Pass
